{
  "coordination_history": [
    {
      "sync_count": 1,
      "timestamp": 1752698569.0204196,
      "best_worker": 3,
      "best_performance": 26.345404960147604,
      "updated_workers": [
        0,
        1,
        2
      ],
      "total_runtime": 0.0014345645904541016
    },
    {
      "sync_count": 2,
      "timestamp": 1752698599.0257144,
      "best_worker": 3,
      "best_performance": 26.345404960147604,
      "updated_workers": [
        0,
        1,
        2
      ],
      "total_runtime": 30.0067298412323
    }
  ],
  "total_syncs": 2,
  "coordinator_runtime": 30.00673508644104,
  "worker_stats": {
    "0": {},
    "1": {},
    "2": {},
    "3": {}
  },
  "best_worker_history": [
    {
      "sync_count": 1,
      "timestamp": 1752698569.0204196,
      "best_worker": 3,
      "best_performance": 26.345404960147604,
      "updated_workers": [
        0,
        1,
        2
      ],
      "total_runtime": 0.0014345645904541016
    },
    {
      "sync_count": 2,
      "timestamp": 1752698599.0257144,
      "best_worker": 3,
      "best_performance": 26.345404960147604,
      "updated_workers": [
        0,
        1,
        2
      ],
      "total_runtime": 30.0067298412323
    }
  ]
}