{
  "best_worker_id": 3,
  "model_source": "/workspace/distributed_shared/models/worker_3_episode_80.pt",
  "timestamp": 1752698599.0252361,
  "sync_count": 1,
  "worker_metrics": {
    "worker_id": 3,
    "total_episodes": 80,
    "avg_reward": 101.99730303614727,
    "reward_change": 26.345404960147604,
    "episode_rewards": [
      85.3718437576852,
      115.84887937812616,
      98.27350428865364,
      77.72492074350893,
      107.08499211635814,
      104.56495576613153,
      98.15217345277144,
      90.75672921939561,
      89.20809182771809,
      116.95813914049947,
      114.58595702446164,
      101.55124423247989,
      117.46064475336405,
      106.39636351574927,
      130.40015487229172,
      134.6137343012287,
      99.75189351965342,
      118.16911442460813,
      85.00379450639035,
      76.38712258604265,
      116.92936735850373,
      163.9208725434843,
      97.33917201198364,
      73.63559439079549,
      66.92930026927162,
      114.21750263269288,
      112.51702220206246,
      86.0821281415055,
      108.06960701342965,
      95.62338982419125,
      86.80465554136526,
      96.79473836437603,
      105.03144230848112,
      84.98513414321278,
      76.28694402143059,
      130.0582769946309,
      86.30943278967953,
      99.37868394993829,
      82.57357699348185,
      94.21014486691048,
      81.7456741133569,
      90.70456266888407,
      95.58193136013054,
      105.60325636467121,
      109.56489092047403,
      102.04369360967759,
      124.5712964909436,
      110.15282954290811,
      61.55449643354751,
      109.25398620624073,
      116.32130501277433,
      111.23434068925975,
      133.35560142443052,
      101.22095214968452,
      117.80515048061238,
      70.54804925217444,
      107.64791326070022,
      73.78107522644507,
      152.5902797140139,
      111.17981085174756,
      86.2883175197279,
      79.93593430171543,
      73.075401926996,
      88.40396654937264,
      82.22009152695318,
      73.70800913510408,
      96.22742786180812,
      103.85875428974776,
      77.71915190491967,
      120.51687384819719,
      102.99096777866986,
      138.04269579164117,
      122.9190150782151,
      92.1015388378049,
      117.43723075650044,
      88.74493865872236,
      108.48902656360256,
      104.06171165746456,
      128.95428778837206,
      141.66656555502493
    ],
    "timestamp": 1752698399.8769505,
    "training_time": 84.18748784065247
  }
}