{
  "best_worker_id": 1,
  "model_source": "/workspace/distributed_shared/models/worker_1_episode_80.pt",
  "timestamp": 1752696120.8107538,
  "sync_count": 1,
  "worker_metrics": {
    "worker_id": 1,
    "total_episodes": 80,
    "avg_reward": 102.39662104726717,
    "reward_change": 12.729486955110588,
    "episode_rewards": [
      86.39442407662644,
      86.4811427761481,
      124.38060900681029,
      103.1022308561417,
      74.16100717598538,
      91.83562182235376,
      103.76886961605393,
      77.6451632053811,
      83.59373877997501,
      85.21440505037218,
      119.49697544646432,
      150.56253083348207,
      102.02335051507738,
      81.05675520920931,
      101.32653014485945,
      112.51763775069153,
      82.91099764139797,
      103.07233975643686,
      72.68277677652588,
      90.51591506758054,
      87.21786589887269,
      117.13822763044593,
      71.34548362668347,
      93.43161132020279,
      127.17651157212782,
      103.4799070136295,
      124.94339631282645,
      65.4717600704339,
      101.20307050206138,
      88.02960212082228,
      108.47348669503883,
      84.49153063029995,
      86.38729217166473,
      95.31397071263898,
      97.55644624092129,
      118.35053292437165,
      145.83029727464634,
      86.10146006319246,
      125.65750770208435,
      118.67302012572549,
      121.73067867567568,
      120.46636518734218,
      91.80960972134764,
      120.60689990411299,
      91.62187134330193,
      78.56842704792903,
      150.44663233571237,
      82.54877531278973,
      111.21579282356255,
      67.55189298835549,
      135.5261195492937,
      113.37573845608941,
      130.86440675214882,
      90.9135497490771,
      126.37041908076094,
      123.88586591079306,
      84.81883266172889,
      84.18522824831535,
      90.28852649095843,
      91.56232861876467,
      61.77085151733207,
      106.24976331521748,
      90.41290664117571,
      91.79576547661998,
      91.4402438330475,
      142.5891348838997,
      91.98361502749917,
      104.7456428621523,
      91.32914885624302,
      116.21335321478487,
      135.71022447230712,
      102.07368119939724,
      131.89769801102997,
      114.25730460705135,
      122.332193721555,
      117.3984100186048,
      108.27402620325756,
      100.06648681459099,
      97.75963731225366,
      86.05563281903005
    ],
    "timestamp": 1752696115.4014995,
    "training_time": 84.38464188575745
  }
}