{
  "best_worker_id": 0,
  "model_source": "/workspace/distributed_shared/models/worker_0_episode_150.pt",
  "timestamp": 1752789899.1488378,
  "sync_count": 4,
  "worker_metrics": {
    "worker_id": 0,
    "total_episodes": 150,
    "avg_reward": 139.0,
    "reward_change": 58.900000000000006,
    "episode_rewards": [
      34.0,
      11.0,
      14.0,
      13.0,
      56.0,
      43.0,
      99.0,
      84.0,
      93.0,
      113.0,
      62.0,
      26.0,
      42.0,
      314.0,
      115.0,
      129.0,
      82.0,
      235.0,
      129.0,
      113.0,
      105.0,
      59.0,
      23.0,
      79.0,
      57.0,
      13.0,
      39.0,
      42.0,
      29.0,
      86.0,
      59.0,
      110.0,
      48.0,
      68.0,
      80.0,
      70.0,
      52.0,
      84.0,
      79.0,
      79.0,
      186.0,
      81.0,
      115.0,
      99.0,
      66.0,
      98.0,
      94.0,
      113.0,
      102.0,
      127.0,
      69.0,
      100.0,
      82.0,
      71.0,
      79.0,
      78.0,
      115.0,
      106.0,
      74.0,
      67.0,
      87.0,
      107.0,
      97.0,
      67.0,
      70.0,
      48.0,
      99.0,
      38.0,
      40.0,
      66.0,
      56.0,
      64.0,
      44.0,
      68.0,
      69.0,
      80.0,
      86.0,
      180.0,
      64.0,
      105.0,
      132.0,
      135.0,
      114.0,
      123.0,
      108.0,
      110.0,
      137.0,
      95.0,
      141.0,
      106.0,
      136.0,
      139.0,
      150.0,
      125.0,
      176.0,
      183.0,
      180.0,
      206.0,
      188.0,
      133.0,
      108.0,
      121.0,
      139.0,
      135.0,
      78.0,
      64.0,
      82.0,
      89.0,
      76.0,
      117.0,
      129.0,
      176.0,
      166.0,
      166.0,
      193.0,
      161.0,
      172.0,
      209.0,
      240.0,
      250.0,
      366.0,
      312.0,
      258.0,
      270.0,
      336.0,
      421.0,
      274.0,
      254.0,
      235.0,
      290.0,
      157.0,
      227.0,
      219.0,
      227.0,
      226.0,
      246.0,
      378.0,
      204.0,
      223.0,
      409.0,
      352.0,
      393.0,
      209.0,
      445.0,
      383.0,
      218.0,
      309.0,
      273.0,
      262.0,
      261.0
    ],
    "timestamp": 1752787456.9417646,
    "training_time": 46.96354150772095
  }
}