{
  "worker_id": 0,
  "total_episodes": 25,
  "avg_reward": 338.92,
  "reward_change": 170.5,
  "episode_rewards": [
    26.0,
    21.0,
    14.0,
    12.0,
    89.0,
    96.0,
    91.0,
    52.0,
    74.0,
    70.0,
    583.0,
    326.0,
    608.0,
    706.0,
    697.0,
    400.0,
    399.0,
    372.0,
    496.0,
    615.0,
    565.0,
    603.0,
    440.0,
    625.0,
    493.0
  ],
  "timestamp": 1752712566.0745976,
  "training_time": 112.211918592453
}