{
  "worker_id": 0,
  "total_episodes": 40,
  "avg_reward": 102.2178358804115,
  "reward_change": 11.816993727296662,
  "episode_rewards": [
    80.24360206049045,
    114.67907287831994,
    101.56288942817744,
    96.03928857204428,
    81.99993808800075,
    112.19201753641741,
    96.25348625993068,
    89.18041504358536,
    97.0769248561359,
    101.1692474556392,
    124.86775432294456,
    64.30421206138243,
    86.00989897243493,
    109.62069886310108,
    115.48998045634463,
    129.04480035637545,
    112.76713750764506,
    92.10623445680702,
    108.81287305507945,
    98.66707454459267,
    103.18803719784859,
    113.08902237840083,
    63.53870129284349,
    101.55064185394826,
    104.53212979874927,
    95.71304347083934,
    107.74868170955608,
    62.806311226764265,
    124.03786648634062,
    103.02354016873166,
    101.4100927523785,
    131.56083824860616,
    75.90965572894802,
    105.48827009358142,
    116.53209307845134,
    122.60993390332376,
    130.62305863506862,
    93.06710346642924,
    91.49439714966343,
    128.70246980053824
  ],
  "timestamp": 1752696182.2913094,
  "training_time": 41.98214554786682
}