{
  "worker_id": 1,
  "total_episodes": 40,
  "avg_reward": 106.21180155399729,
  "reward_change": -9.836679626223159,
  "episode_rewards": [
    88.51935038414302,
    102.9611567535547,
    122.10334902238247,
    88.91848045998745,
    112.58812582658962,
    106.64298921263499,
    129.8150064221853,
    102.4496822433227,
    97.03450636469249,
    133.91049783565836,
    100.65117421723706,
    117.42952465144948,
    120.6065818521182,
    87.58319077213899,
    104.13481853110159,
    74.76757552037931,
    117.2546106804916,
    126.36809745719954,
    109.6590019295766,
    90.50610983357679,
    141.21152437638435,
    98.30279051075341,
    80.36593685254923,
    137.38466033871094,
    112.70353553655623,
    107.57067848091329,
    98.61044155625693,
    128.85535275559113,
    96.49911952081929,
    104.96347429731699,
    106.63502098848734,
    113.35063567902077,
    128.47135376057759,
    86.2202157388561,
    53.95848233504081,
    94.4566610599929,
    109.63892262253357,
    109.795499135669,
    108.0700653227673,
    97.50386132067464
  ],
  "timestamp": 1752696182.4168987,
  "training_time": 42.06370282173157
}