{
  "worker_id": 0,
  "total_episodes": 100,
  "avg_reward": 405.40629126494196,
  "reward_change": -123.7712891578318,
  "episode_rewards": [
    -857.4741834847955,
    -480.7023608962845,
    -509.6192357331747,
    -693.1539697727421,
    -665.4630661883275,
    -642.3428381222766,
    -753.4647180572138,
    -638.8399948917795,
    -697.2593339064624,
    -473.3344224643479,
    387.28838632802945,
    236.91586822230602,
    312.0361102008319,
    381.62888447754085,
    426.9022583051701,
    282.88848061999306,
    476.4657327560708,
    521.0211465905886,
    600.4023056173464,
    577.6723297931021,
    308.11548287264304,
    397.52492387685925,
    214.54961298278067,
    417.7093041946646,
    458.3799389511114,
    387.5292608893942,
    273.5384303202736,
    425.64340612036176,
    478.53901919795317,
    455.6920238114544,
    388.4652777435258,
    315.6929020851385,
    270.7516031450359,
    339.29078975040466,
    402.74544596252963,
    481.1804422934074,
    564.2412853135029,
    524.8901343068574,
    533.9002270766068,
    513.5529671697877,
    119.05227024643682,
    315.2690861566807,
    422.78315070358803,
    446.27737676221295,
    506.6774973667343,
    532.7397736719067,
    334.27767472164123,
    445.50067184958607,
    521.1780254318146,
    528.5307958117774,
    663.5293896584772,
    700.146003334783,
    589.6644743666402,
    753.1830843251664,
    717.3598505400587,
    752.2270138538443,
    461.92311292124214,
    372.6408440785017,
    731.5880433437414,
    777.8274968988844,
    708.5858472998952,
    690.5800489722751,
    732.2750183031894,
    658.1891349286307,
    601.2907321532257,
    753.2123606381938,
    756.2690119724721,
    783.705828325983,
    778.6076120834332,
    885.7125770607963,
    -2569.24288592831,
    789.6264879922674,
    699.6657029360067,
    170.0589206860168,
    782.8688048288168,
    729.3114544991404,
    738.9722343466128,
    615.6046158961253,
    323.81261472799815,
    -608.7732452566997,
    810.9349026068812,
    834.7093364429602,
    803.3780025618616,
    854.4771585459821,
    816.4318625140004,
    859.4271077920275,
    654.3060730579309,
    770.3528050738387,
    816.2109283767641,
    840.8386470801852,
    632.6223032199778,
    775.4855949005723,
    872.1992205764691,
    513.4385393608827,
    818.8212510080775,
    866.3729560248321,
    -170.5994140691182,
    812.637962224806,
    859.6707927453099,
    842.704726482305
  ],
  "timestamp": 1752699974.5337358,
  "training_time": 567.9920766353607
}