{
  "worker_id": 3,
  "total_episodes": 40,
  "avg_reward": 99.88166677832811,
  "reward_change": -4.4004788589844,
  "episode_rewards": [
    69.36411730137169,
    119.24722308757194,
    116.94799512952659,
    119.08299891470759,
    115.75252831535977,
    77.97546006386955,
    123.88430557574704,
    78.44179901136283,
    96.14189843423902,
    99.00103562965187,
    127.13214716484381,
    102.3195948884292,
    115.44989538799754,
    111.7705368066884,
    100.43729080102659,
    78.602143121983,
    78.90649098754113,
    77.54187649051397,
    105.88986702814483,
    94.8096012133046,
    107.09570975725279,
    99.45784856444689,
    101.02220093942488,
    100.43108135894124,
    95.62441716313639,
    85.84428492760881,
    102.32308255553282,
    100.09790859126424,
    134.06480157684453,
    89.32499175009099,
    97.45174106715297,
    92.84746805833072,
    103.49613954435563,
    64.22739671721503,
    117.64910544209245,
    109.04242089105799,
    90.7590942249914,
    102.7806743197578,
    94.32154171925662,
    98.70595661048918
  ],
  "timestamp": 1752696182.296972,
  "training_time": 41.98787546157837
}