{
  "worker_id": 1,
  "total_episodes": 80,
  "avg_reward": 100.43698008395556,
  "reward_change": 2.0322464776974556,
  "episode_rewards": [
    77.00049824981659,
    62.56819169149355,
    149.64990878549037,
    113.32515954506219,
    110.10828086233768,
    115.91815098507048,
    108.65211750931851,
    101.114584655513,
    97.11684504589657,
    82.2286600863631,
    79.57722247572342,
    127.14957988312608,
    102.75284788946851,
    84.83152204316953,
    124.67719267581,
    150.42964643531474,
    129.87078287221584,
    123.35281695794649,
    121.21411294331008,
    116.51403498094797,
    93.886792537098,
    130.26023673467395,
    100.1907392667849,
    58.23682801928235,
    85.59256365624792,
    123.50873080709228,
    95.8845164508614,
    126.77030274886809,
    91.2089600790439,
    101.14977750812861,
    96.49811009544229,
    96.81917451828753,
    127.750356859139,
    133.50815669480232,
    73.20308467057733,
    84.22616932062769,
    84.35395931709022,
    114.6020333722747,
    88.1101037725885,
    131.91358751433847,
    110.81672541723333,
    81.07676229104968,
    81.20859395854562,
    102.1939527450349,
    54.79054035823795,
    87.39027710921971,
    100.06994820950916,
    91.17429778516872,
    82.33848359350324,
    83.71842462994879,
    83.49070571356107,
    127.50161177285716,
    71.75667767602815,
    77.89363840029968,
    92.54185469588057,
    121.63187075676785,
    114.60190047898885,
    77.35738005944394,
    130.0643724507487,
    87.23848532387458,
    117.16131040665037,
    105.49356716733124,
    44.23948445347499,
    90.34428239410272,
    152.95009855363833,
    87.81722393577957,
    124.2964297786209,
    99.52483188304404,
    85.28811352446228,
    62.911206901357815,
    117.94011199918916,
    101.12046397365862,
    133.58402051823526,
    97.42634446054849,
    98.18392002333967,
    99.25260985786676,
    54.72142537444472,
    104.64745412086141,
    108.39827012529057,
    75.07439332200207
  ],
  "timestamp": 1752698399.8548563,
  "training_time": 84.22741651535034
}