{
  "worker_id": 2,
  "total_episodes": 80,
  "avg_reward": 100.42924289704078,
  "reward_change": 7.160489052192389,
  "episode_rewards": [
    97.13685275664913,
    71.83677104627044,
    131.98647676074881,
    89.85764024460113,
    111.30417537960331,
    117.93541573929048,
    70.30039646426178,
    119.956937137262,
    90.02682879913708,
    111.64824106659351,
    104.19411607844243,
    96.08783367465168,
    84.2161319802294,
    114.2982723259949,
    98.06182416008465,
    103.58713140087158,
    96.7526436217687,
    138.81086676635724,
    133.68632283414942,
    102.95681743724342,
    106.15046887838307,
    84.40205454348143,
    81.41992050954669,
    61.22908315387265,
    84.08520727304965,
    105.52883294881103,
    73.88949428343376,
    111.7863872031357,
    85.4068753911518,
    123.05495367431178,
    112.72578278615178,
    111.10841003994261,
    79.70581737421625,
    80.35590651683822,
    121.7604158013303,
    91.09676479314687,
    89.2384204860632,
    98.46067277492821,
    116.26645879580683,
    103.61637384916229,
    121.99542601855967,
    121.88052527586703,
    97.036469275661,
    145.06182754228388,
    85.31356624403854,
    80.35354991483553,
    102.5523662949607,
    108.2206345441445,
    110.18109917499991,
    118.5062742212199,
    110.55243152748933,
    122.95274997424193,
    137.77397295774708,
    110.14110282548639,
    68.04647988733662,
    105.94455631848652,
    78.46796985893425,
    80.35380171115905,
    99.48284688047814,
    94.73569730999856,
    82.33379579843472,
    75.06663883304759,
    97.19738613794647,
    106.65636333307418,
    76.40460524874021,
    95.28087562796935,
    99.24522984345796,
    93.16927435867889,
    100.53309260735098,
    102.73833657751679,
    117.53941639886274,
    68.93811768845586,
    80.89233845335414,
    66.18890638202922,
    116.45186708090631,
    124.95784719606723,
    101.66335986541922,
    94.73134393097192,
    104.94159828087555,
    123.92569361119894
  ],
  "timestamp": 1752698399.9684331,
  "training_time": 84.29242181777954
}