{
  "worker_id": 11,
  "total_episodes": 75,
  "avg_reward": 115.22666666666667,
  "reward_change": 98.80000000000001,
  "episode_rewards": [
    13.0,
    17.0,
    60.0,
    13.0,
    17.0,
    51.0,
    16.0,
    39.0,
    30.0,
    87.0,
    62.0,
    111.0,
    93.0,
    94.0,
    83.0,
    10.0,
    82.0,
    70.0,
    185.0,
    139.0,
    123.0,
    101.0,
    97.0,
    76.0,
    47.0,
    79.0,
    102.0,
    85.0,
    80.0,
    232.0,
    76.0,
    63.0,
    96.0,
    128.0,
    54.0,
    97.0,
    121.0,
    28.0,
    54.0,
    46.0,
    49.0,
    22.0,
    50.0,
    60.0,
    47.0,
    59.0,
    94.0,
    59.0,
    91.0,
    131.0,
    93.0,
    126.0,
    97.0,
    106.0,
    143.0,
    164.0,
    179.0,
    149.0,
    151.0,
    206.0,
    249.0,
    116.0,
    163.0,
    137.0,
    171.0,
    161.0,
    409.0,
    245.0,
    292.0,
    210.0,
    365.0,
    195.0,
    529.0,
    167.0,
    100.0
  ],
  "timestamp": 1752712574.1043813,
  "training_time": 120.83463525772095
}