{
  "worker_id": 5,
  "total_episodes": 75,
  "avg_reward": 75.81333333333333,
  "reward_change": -11.5,
  "episode_rewards": [
    13.0,
    31.0,
    10.0,
    12.0,
    10.0,
    17.0,
    16.0,
    21.0,
    47.0,
    26.0,
    52.0,
    20.0,
    19.0,
    75.0,
    59.0,
    69.0,
    100.0,
    98.0,
    112.0,
    91.0,
    153.0,
    76.0,
    165.0,
    79.0,
    109.0,
    118.0,
    89.0,
    236.0,
    157.0,
    92.0,
    94.0,
    163.0,
    90.0,
    92.0,
    72.0,
    79.0,
    76.0,
    73.0,
    56.0,
    71.0,
    73.0,
    67.0,
    82.0,
    46.0,
    67.0,
    32.0,
    36.0,
    34.0,
    53.0,
    69.0,
    92.0,
    87.0,
    95.0,
    86.0,
    86.0,
    116.0,
    117.0,
    236.0,
    84.0,
    66.0,
    62.0,
    67.0,
    57.0,
    39.0,
    35.0,
    26.0,
    24.0,
    66.0,
    169.0,
    93.0,
    80.0,
    135.0,
    70.0,
    57.0,
    44.0
  ],
  "timestamp": 1752712540.878413,
  "training_time": 86.74182891845703
}