{
  "worker_id": 10,
  "total_episodes": 100,
  "avg_reward": 65.77,
  "reward_change": 13.0,
  "episode_rewards": [
    12.0,
    14.0,
    14.0,
    17.0,
    29.0,
    13.0,
    10.0,
    28.0,
    40.0,
    43.0,
    51.0,
    25.0,
    126.0,
    14.0,
    59.0,
    11.0,
    9.0,
    9.0,
    15.0,
    12.0,
    53.0,
    39.0,
    56.0,
    34.0,
    75.0,
    36.0,
    28.0,
    33.0,
    69.0,
    76.0,
    135.0,
    130.0,
    82.0,
    90.0,
    61.0,
    78.0,
    46.0,
    81.0,
    79.0,
    60.0,
    84.0,
    86.0,
    72.0,
    90.0,
    92.0,
    63.0,
    65.0,
    80.0,
    117.0,
    89.0,
    74.0,
    85.0,
    142.0,
    124.0,
    80.0,
    94.0,
    81.0,
    98.0,
    78.0,
    124.0,
    96.0,
    77.0,
    98.0,
    96.0,
    46.0,
    65.0,
    35.0,
    57.0,
    42.0,
    77.0,
    86.0,
    57.0,
    119.0,
    48.0,
    61.0,
    73.0,
    61.0,
    71.0,
    55.0,
    65.0,
    67.0,
    83.0,
    62.0,
    43.0,
    53.0,
    88.0,
    29.0,
    90.0,
    76.0,
    85.0,
    74.0,
    92.0,
    83.0,
    78.0,
    136.0,
    57.0,
    81.0,
    68.0,
    59.0,
    78.0
  ],
  "timestamp": 1752712553.3928633,
  "training_time": 99.33961486816406
}