{
  "worker_id": 9,
  "total_episodes": 75,
  "avg_reward": 53.24,
  "reward_change": 17.400000000000006,
  "episode_rewards": [
    13.0,
    19.0,
    74.0,
    13.0,
    15.0,
    13.0,
    15.0,
    13.0,
    12.0,
    13.0,
    10.0,
    14.0,
    20.0,
    55.0,
    14.0,
    17.0,
    57.0,
    32.0,
    51.0,
    69.0,
    56.0,
    17.0,
    100.0,
    39.0,
    53.0,
    32.0,
    81.0,
    47.0,
    32.0,
    73.0,
    62.0,
    51.0,
    52.0,
    49.0,
    54.0,
    68.0,
    61.0,
    32.0,
    38.0,
    36.0,
    87.0,
    39.0,
    33.0,
    39.0,
    29.0,
    47.0,
    43.0,
    61.0,
    44.0,
    79.0,
    49.0,
    48.0,
    94.0,
    83.0,
    52.0,
    52.0,
    94.0,
    61.0,
    48.0,
    72.0,
    47.0,
    121.0,
    80.0,
    57.0,
    78.0,
    63.0,
    73.0,
    103.0,
    96.0,
    66.0,
    76.0,
    95.0,
    78.0,
    102.0,
    132.0
  ],
  "timestamp": 1752712518.7479215,
  "training_time": 65.03212785720825
}