{
  "worker_id": 0,
  "total_episodes": 101,
  "avg_reward": 399.87,
  "reward_change": 20.899999999999977,
  "episode_rewards": [
    500.0,
    500.0,
    500.0,
    500.0,
    500.0,
    500.0,
    329.0,
    500.0,
    435.0,
    500.0,
    500.0,
    500.0,
    500.0,
    500.0,
    500.0,
    500.0,
    500.0,
    500.0,
    500.0,
    500.0,
    242.0,
    182.0,
    227.0,
    500.0,
    104.0,
    141.0,
    134.0,
    500.0,
    500.0,
    268.0,
    500.0,
    488.0,
    500.0,
    500.0,
    255.0,
    500.0,
    500.0,
    500.0,
    500.0,
    500.0,
    452.0,
    500.0,
    500.0,
    500.0,
    500.0,
    500.0,
    500.0,
    500.0,
    500.0,
    500.0
  ],
  "timestamp": 1754501691.1621566,
  "training_time": 353.3194739818573,
  "best_reward": 500.0,
  "current_status": "DISTRIBUTED_TRAINING"
}