{
  "worker_id": 3,
  "total_episodes": 50,
  "avg_reward": 236.92,
  "reward_change": -130.0,
  "episode_rewards": [
    10.0,
    23.0,
    12.0,
    24.0,
    38.0,
    43.0,
    16.0,
    49.0,
    75.0,
    49.0,
    260.0,
    209.0,
    454.0,
    216.0,
    528.0,
    194.0,
    213.0,
    257.0,
    275.0,
    156.0,
    224.0,
    361.0,
    253.0,
    487.0,
    238.0,
    254.0,
    366.0,
    214.0,
    139.0,
    219.0,
    320.0,
    332.0,
    362.0,
    278.0,
    328.0,
    337.0,
    320.0,
    463.0,
    462.0,
    443.0,
    195.0,
    145.0,
    168.0,
    206.0,
    149.0,
    172.0,
    319.0,
    281.0,
    322.0,
    388.0
  ],
  "timestamp": 1752712610.4123223,
  "training_time": 156.9550313949585
}