{
  "worker_id": 0,
  "total_episodes": 80,
  "avg_reward": 101.97672127094854,
  "reward_change": -5.772708006089175,
  "episode_rewards": [
    118.70720265888602,
    104.61741080487656,
    117.03792210133324,
    101.49885822627425,
    95.92621613533983,
    131.10599723969156,
    91.99429443361207,
    100.60124720819123,
    40.810085304765835,
    98.85085551766336,
    104.28680306377659,
    100.82282823354643,
    91.12537505009742,
    96.90980155190395,
    104.139944321035,
    107.50658815280953,
    81.73720985478784,
    105.141375915797,
    109.44698575174587,
    83.28930111065507,
    125.59994972738127,
    118.24798457389028,
    95.70232071412475,
    119.1541864354977,
    87.39845237068404,
    91.87342583777837,
    83.11851974120424,
    74.84130304527574,
    83.95968038868632,
    85.7749747273049,
    151.3368382784745,
    71.20123111332012,
    96.67383808291605,
    121.89197055558802,
    128.58135477982043,
    122.29921906398064,
    92.2738916767462,
    81.92383964646424,
    87.67261044534857,
    70.41058989700046,
    114.42033211167254,
    115.86702360223921,
    48.437680316256646,
    106.87199185129047,
    82.02439287793196,
    76.56376780752383,
    102.22046222451647,
    98.74119356161275,
    86.01951512816564,
    114.99139714590717,
    88.68170836764557,
    104.44759798575538,
    75.49241951812257,
    108.33801331356804,
    147.25563359573252,
    85.55829641449765,
    131.73808662040662,
    100.42494532197549,
    126.41641512734031,
    77.93301345780515,
    107.7959480675493,
    96.51586055234891,
    101.03337398481473,
    120.05404442112936,
    95.21793308659801,
    121.19437304288574,
    99.07146892367197,
    119.24527249601562,
    126.57387144465397,
    137.26205980459935,
    134.4467956620918,
    131.78898091901547,
    118.639968005974,
    126.64392916613156,
    100.75820063846058,
    79.54645542106087,
    108.88795202300147,
    99.53434022766159,
    64.92511216283981,
    101.06539153713801
  ],
  "timestamp": 1752698400.0123072,
  "training_time": 84.20823550224304
}