{
  "worker_id": 2,
  "total_episodes": 100,
  "avg_reward": 371.8775476116275,
  "reward_change": 66.1859333988665,
  "episode_rewards": [
    -796.3369296593592,
    -804.1132234653924,
    -811.4390664123348,
    -588.1616078840452,
    -819.5104620377533,
    -548.4604448105092,
    -622.0450482441811,
    -528.4773677850462,
    -454.5489344941452,
    -566.0731940498808,
    357.48230156601494,
    -272.37194973329315,
    -49.169879985041916,
    446.8505824765889,
    439.8526519763982,
    460.2790842517279,
    467.25282126982347,
    374.12282077781856,
    507.92401800490916,
    400.01132781471824,
    116.72018456389196,
    370.1166328473482,
    319.67932388279587,
    479.25212203362025,
    382.9828617318999,
    423.38798727080575,
    383.61254928447306,
    458.48246467509307,
    466.89989841356874,
    421.0672326326385,
    383.1442438638478,
    -390.4450738374726,
    410.7411811936181,
    374.75144747365266,
    407.34595875558443,
    -617.8256673418218,
    471.22173732391093,
    -2261.529928775737,
    531.2488549654372,
    206.91995306080207,
    68.11974917556654,
    513.069648842793,
    485.6598079058167,
    206.63903754903004,
    518.5836456350517,
    253.62984883779427,
    405.0638289072085,
    498.12167144101113,
    488.27940106989263,
    192.94020462228218,
    699.7526212076191,
    564.1144435161259,
    502.7414431562647,
    590.6689297654084,
    -1093.6142738637864,
    685.8611837951466,
    553.7837763116695,
    723.5963320883457,
    297.1644687377848,
    750.7205514588859,
    543.0376741158543,
    723.5795387193793,
    680.3480950719677,
    -233.07288201508345,
    290.22253429237753,
    801.8915233314037,
    753.7418161751702,
    787.605982078705,
    748.7217838600045,
    840.5240532199387,
    808.2665892433724,
    810.5214510344085,
    692.4607980223955,
    784.683723923692,
    725.3153714999862,
    738.6329387272708,
    823.7548652346013,
    814.7863237215206,
    823.4443633090705,
    626.7953853106592,
    813.9079400952905,
    748.4153966826852,
    825.1033843573823,
    221.81051365502935,
    800.1802507576067,
    866.2286157843191,
    810.8942087586038,
    767.8765083203762,
    853.1358212030027,
    844.8952176569583,
    812.638561150874,
    824.4784801877104,
    846.9842582844067,
    852.9690085095644,
    632.3439894018229,
    854.0115120834671,
    843.5400255220011,
    831.7213886933168,
    859.443081507925,
    856.1768859188305
  ],
  "timestamp": 1752699973.0954762,
  "training_time": 567.4040005207062
}