{
  "worker_id": 7,
  "total_episodes": 75,
  "avg_reward": 148.02666666666667,
  "reward_change": 491.79999999999995,
  "episode_rewards": [
    21.0,
    14.0,
    18.0,
    33.0,
    17.0,
    21.0,
    11.0,
    31.0,
    33.0,
    20.0,
    18.0,
    20.0,
    22.0,
    51.0,
    32.0,
    82.0,
    47.0,
    53.0,
    48.0,
    24.0,
    29.0,
    81.0,
    34.0,
    43.0,
    34.0,
    36.0,
    37.0,
    31.0,
    23.0,
    37.0,
    83.0,
    32.0,
    43.0,
    27.0,
    56.0,
    53.0,
    27.0,
    41.0,
    82.0,
    62.0,
    60.0,
    93.0,
    49.0,
    57.0,
    48.0,
    105.0,
    81.0,
    66.0,
    57.0,
    49.0,
    74.0,
    53.0,
    123.0,
    58.0,
    64.0,
    76.0,
    150.0,
    110.0,
    260.0,
    111.0,
    210.0,
    139.0,
    364.0,
    195.0,
    205.0,
    475.0,
    581.0,
    356.0,
    771.0,
    1000.0,
    350.0,
    614.0,
    1000.0,
    1000.0,
    591.0
  ],
  "timestamp": 1752712604.2718596,
  "training_time": 150.86756491661072
}