{
  "worker_id": 6,
  "total_episodes": 50,
  "avg_reward": 122.56,
  "reward_change": 139.00000000000003,
  "episode_rewards": [
    11.0,
    18.0,
    11.0,
    21.0,
    30.0,
    22.0,
    38.0,
    46.0,
    24.0,
    131.0,
    92.0,
    88.0,
    82.0,
    117.0,
    71.0,
    92.0,
    51.0,
    67.0,
    88.0,
    39.0,
    51.0,
    72.0,
    74.0,
    67.0,
    68.0,
    76.0,
    88.0,
    52.0,
    142.0,
    107.0,
    22.0,
    93.0,
    117.0,
    113.0,
    149.0,
    161.0,
    149.0,
    197.0,
    161.0,
    239.0,
    335.0,
    272.0,
    157.0,
    232.0,
    290.0,
    337.0,
    136.0,
    548.0,
    259.0,
    225.0
  ],
  "timestamp": 1752712540.3769116,
  "training_time": 87.12090635299683
}