{
  "worker_id": 1,
  "total_episodes": 50,
  "avg_reward": 199.68,
  "reward_change": 43.599999999999966,
  "episode_rewards": [
    57.0,
    14.0,
    39.0,
    26.0,
    73.0,
    41.0,
    13.0,
    43.0,
    65.0,
    51.0,
    119.0,
    52.0,
    81.0,
    50.0,
    54.0,
    83.0,
    65.0,
    69.0,
    79.0,
    94.0,
    72.0,
    46.0,
    41.0,
    41.0,
    79.0,
    32.0,
    29.0,
    53.0,
    48.0,
    63.0,
    437.0,
    346.0,
    448.0,
    538.0,
    700.0,
    259.0,
    365.0,
    313.0,
    262.0,
    270.0,
    490.0,
    674.0,
    312.0,
    356.0,
    538.0,
    484.0,
    400.0,
    280.0,
    418.0,
    422.0
  ],
  "timestamp": 1752712588.0644715,
  "training_time": 134.32738971710205
}