{
  "worker_id": 3,
  "total_episodes": 100,
  "avg_reward": 189.56279479392498,
  "reward_change": 196.91381089066397,
  "episode_rewards": [
    -588.2295516000595,
    -915.7869516480714,
    -918.4161822822061,
    -623.7533199968748,
    -780.12244638009,
    -781.9345194217749,
    -829.3266110508703,
    -895.1367131896695,
    -868.3459524117061,
    -743.8940568204271,
    -659.1080193640664,
    -680.6517806834308,
    -336.8381478421652,
    -580.6923580458388,
    -595.3071009251289,
    -619.3024881535675,
    -649.5301209399477,
    -551.4595060859574,
    -592.0985362489009,
    -510.98967793630436,
    -485.8993671775097,
    -439.2508259572787,
    -356.2692128942581,
    -417.3801397711504,
    -363.77729491094215,
    -266.4901136269327,
    -304.3929673721723,
    -344.57016883348115,
    -264.6610943307169,
    -271.634894481278,
    117.91718667349778,
    422.6712580710446,
    -345.1374501744285,
    333.92933754320256,
    385.56298410263844,
    480.5082426216686,
    516.093364425702,
    439.3011592675466,
    528.4164178862702,
    565.5409633818781,
    343.37981631734874,
    416.0587619082071,
    291.091008221425,
    189.168059920019,
    432.65476626927557,
    293.5316207340802,
    573.206000685459,
    420.38823314988986,
    40.22620992345037,
    677.3349784582388,
    439.90434165741317,
    395.8255368327955,
    451.5546587968711,
    467.1083733292762,
    517.5958557649865,
    351.10807132697664,
    338.3746609026566,
    498.8389472770941,
    524.2067563603632,
    516.0870203446248,
    719.858979892917,
    -330.5772464472029,
    399.5184004924413,
    669.1829153111903,
    808.5508640412445,
    676.4197987583466,
    602.6945101607707,
    828.5769851928344,
    692.4061646334594,
    748.5156917716376,
    255.36517818586435,
    697.1325554416399,
    615.3187927539111,
    157.12498935728945,
    247.7488747847383,
    552.9262162993546,
    708.1634596100484,
    783.2676989781467,
    683.9563450678252,
    782.7507635718794,
    651.1154701588675,
    634.8158015891677,
    711.7916795839847,
    779.891946582415,
    737.0957802632474,
    745.3010670547374,
    -744.878141153662,
    710.3711437433958,
    710.7489862227412,
    714.2674714705208,
    794.6590251901653,
    790.2949894347839,
    630.1227692335378,
    739.1103035414126,
    744.8347618111875,
    761.9642376967822,
    809.4062048724227,
    860.946670798885,
    612.5166046053346,
    875.8037472375436
  ],
  "timestamp": 1752699955.3547637,
  "training_time": 563.3358891010284
}