{
  "worker_id": 2,
  "total_episodes": 25,
  "avg_reward": 170.24,
  "reward_change": 176.6,
  "episode_rewards": [
    18.0,
    13.0,
    29.0,
    17.0,
    31.0,
    14.0,
    12.0,
    13.0,
    16.0,
    30.0,
    227.0,
    192.0,
    181.0,
    276.0,
    230.0,
    183.0,
    166.0,
    208.0,
    254.0,
    310.0,
    396.0,
    207.0,
    402.0,
    427.0,
    404.0
  ],
  "timestamp": 1752712515.9392679,
  "training_time": 61.90236163139343
}