{
  "worker_id": 1,
  "total_episodes": 50,
  "avg_reward": 392.6020653521749,
  "reward_change": 162.24585500880892,
  "episode_rewards": [
    -727.092704561539,
    -691.76438474725,
    -583.2504818396992,
    -580.3179743567016,
    -675.8759163601499,
    -610.8621724873083,
    -505.2322940545746,
    -1042.213502658531,
    -529.8219505577581,
    -761.3503806469962,
    625.265768361598,
    648.5499650416641,
    573.5851627634256,
    705.0277940900996,
    597.0210156207031,
    357.77220982220024,
    586.7465132465004,
    729.1095815224689,
    717.5454880609177,
    585.5304017392118,
    554.5856302874745,
    659.0159486012708,
    488.59514516222407,
    755.3295298193116,
    775.5700793627184,
    743.3629006838892,
    744.4007813779172,
    703.9308234928176,
    572.7042474095942,
    625.5758835851448,
    473.7563351871686,
    583.9935108491336,
    654.3178661493585,
    637.4902827274054,
    664.6140268930467,
    624.7618863214157,
    621.0736279877019,
    598.2912239362486,
    446.83897179726046,
    677.9630730212666,
    726.1221646096092,
    806.9085830965487,
    798.5869134200038,
    807.670892604161,
    802.7898939874722,
    732.4314851274248,
    700.280205225572,
    652.9320573774166,
    825.3669573062798,
    752.4702022036072
  ],
  "timestamp": 1752699944.8338175,
  "training_time": 285.59722781181335
}