{
  "worker_id": 8,
  "total_episodes": 125,
  "avg_reward": 85.832,
  "reward_change": 47.0,
  "episode_rewards": [
    32.0,
    21.0,
    15.0,
    10.0,
    13.0,
    17.0,
    35.0,
    10.0,
    10.0,
    10.0,
    9.0,
    9.0,
    8.0,
    10.0,
    9.0,
    10.0,
    9.0,
    9.0,
    10.0,
    8.0,
    9.0,
    10.0,
    9.0,
    9.0,
    9.0,
    9.0,
    10.0,
    11.0,
    9.0,
    9.0,
    11.0,
    12.0,
    12.0,
    21.0,
    24.0,
    19.0,
    19.0,
    65.0,
    34.0,
    49.0,
    122.0,
    38.0,
    77.0,
    54.0,
    66.0,
    68.0,
    119.0,
    152.0,
    654.0,
    704.0,
    192.0,
    305.0,
    244.0,
    185.0,
    140.0,
    119.0,
    145.0,
    120.0,
    200.0,
    197.0,
    149.0,
    86.0,
    78.0,
    92.0,
    112.0,
    121.0,
    44.0,
    128.0,
    55.0,
    27.0,
    65.0,
    57.0,
    77.0,
    62.0,
    104.0,
    70.0,
    93.0,
    192.0,
    131.0,
    204.0,
    184.0,
    88.0,
    177.0,
    254.0,
    218.0,
    97.0,
    131.0,
    114.0,
    171.0,
    180.0,
    88.0,
    64.0,
    109.0,
    86.0,
    100.0,
    103.0,
    89.0,
    91.0,
    107.0,
    42.0,
    79.0,
    73.0,
    83.0,
    48.0,
    15.0,
    11.0,
    13.0,
    65.0,
    52.0,
    58.0,
    45.0,
    54.0,
    55.0,
    90.0,
    55.0,
    67.0,
    69.0,
    117.0,
    113.0,
    116.0,
    75.0,
    85.0,
    119.0,
    113.0,
    94.0
  ],
  "timestamp": 1752712605.117984,
  "training_time": 151.52223300933838
}