{
  "worker_id": 4,
  "total_episodes": 75,
  "avg_reward": 86.08,
  "reward_change": 118.5,
  "episode_rewards": [
    21.0,
    11.0,
    10.0,
    11.0,
    10.0,
    10.0,
    8.0,
    11.0,
    9.0,
    10.0,
    10.0,
    70.0,
    38.0,
    150.0,
    140.0,
    128.0,
    73.0,
    93.0,
    105.0,
    107.0,
    67.0,
    78.0,
    81.0,
    70.0,
    84.0,
    88.0,
    89.0,
    149.0,
    66.0,
    88.0,
    56.0,
    77.0,
    84.0,
    66.0,
    62.0,
    70.0,
    63.0,
    11.0,
    40.0,
    11.0,
    33.0,
    11.0,
    52.0,
    39.0,
    66.0,
    85.0,
    115.0,
    133.0,
    82.0,
    84.0,
    96.0,
    52.0,
    76.0,
    81.0,
    91.0,
    122.0,
    108.0,
    81.0,
    71.0,
    91.0,
    68.0,
    79.0,
    74.0,
    96.0,
    85.0,
    95.0,
    54.0,
    126.0,
    93.0,
    77.0,
    96.0,
    111.0,
    528.0,
    522.0,
    358.0
  ],
  "timestamp": 1752712548.5384781,
  "training_time": 95.14769387245178
}