{
  "worker_id": 0,
  "total_episodes": 901,
  "avg_reward": 470.45,
  "reward_change": -116.89999999999998,
  "episode_rewards": [
    500.0,
    423.0,
    287.0,
    500.0,
    500.0,
    500.0,
    250.0,
    197.0,
    174.0,
    257.0,
    500.0,
    500.0,
    500.0,
    500.0,
    500.0,
    500.0,
    476.0,
    500.0,
    500.0,
    500.0,
    471.0,
    500.0,
    500.0,
    500.0,
    500.0,
    500.0,
    500.0,
    448.0,
    500.0,
    500.0,
    500.0,
    477.0,
    500.0,
    500.0,
    500.0,
    500.0,
    500.0,
    500.0,
    500.0,
    500.0,
    500.0,
    500.0,
    289.0,
    500.0,
    500.0,
    500.0,
    213.0,
    500.0,
    224.0,
    82.0
  ],
  "timestamp": 1753679221.8435872,
  "training_time": 297.38640832901,
  "best_reward": 500.0,
  "current_status": "DISTRIBUTED_TRAINING"
}