{
  "worker_id": 2,
  "total_episodes": 40,
  "avg_reward": 95.98501830469107,
  "reward_change": 5.348099219051903,
  "episode_rewards": [
    85.32404230508003,
    67.35068245623549,
    71.89324238632776,
    99.54298281558658,
    95.77633311846942,
    94.17599777185447,
    116.35051281214258,
    124.37898473864004,
    79.37193872518606,
    93.15249860109611,
    63.98678107991327,
    99.60449013450115,
    122.19363298714893,
    91.50185332213677,
    90.06494936975888,
    90.23084632700429,
    107.42227792213977,
    119.85751621179915,
    116.9423951161897,
    75.41140727535459,
    82.92035454040233,
    100.73492065797588,
    108.22641314182125,
    84.12773485357535,
    98.45386689512482,
    72.38794829432089,
    114.55170734299752,
    103.89082699301945,
    80.91360541747622,
    94.48580912356579,
    127.27051671367768,
    56.41228812535901,
    131.68919257344842,
    116.12034221803908,
    112.20900394065175,
    83.84348736097516,
    88.31048426996665,
    102.49975072806066,
    93.36502498347933,
    82.45408853714079
  ],
  "timestamp": 1752696182.3791652,
  "training_time": 42.102131605148315
}